"","fyear","type","measure","models","modelled_growth","baseline","deflator"
"1",2018,"ae","cost","constant",100,3511161918,2.10944864985953
"2",2018,"ae","cost","changing",100,3511161918,2.10944864985953
"3",2018,"ae","cost","log",100,3511161918,2.10944864985953
"4",2018,"elective","cost","constant",100,10363552520,2.10944864985953
"5",2018,"elective","cost","changing",100,10363552520,2.10944864985953
"6",2018,"elective","cost","log",100,10363552520,2.10944864985953
"7",2018,"emergency","cost","constant",100,16735761400,2.10944864985953
"8",2018,"emergency","cost","changing",100,16735761400,2.10944864985953
"9",2018,"emergency","cost","log",100,16735761400,2.10944864985953
"10",2018,"gp","cost","constant",100,10540893671,2.10944864985953
"11",2018,"gp","cost","changing",100,10540893671,2.10944864985953
"12",2018,"gp","cost","log",100,10540893671,2.10944864985953
"13",2018,"op","cost","constant",100,14139756885,2.10944864985953
"14",2018,"op","cost","changing",100,14139756885,2.10944864985953
"15",2018,"op","cost","log",100,14139756885,2.10944864985953
"16",2019,"ae","cost","constant",100.8924564,3511161918,2.36101081382487
"17",2019,"ae","cost","changing",105.3612404,3511161918,2.36101081382487
"18",2019,"ae","cost","log",102.6042415,3511161918,2.36101081382487
"19",2019,"elective","cost","constant",101.7802988,10363552520,2.36101081382487
"20",2019,"elective","cost","changing",102.22076,10363552520,2.36101081382487
"21",2019,"elective","cost","log",101.2900323,10363552520,2.36101081382487
"22",2019,"emergency","cost","constant",102.0128678,16735761400,2.36101081382487
"23",2019,"emergency","cost","changing",104.720502,16735761400,2.36101081382487
"24",2019,"emergency","cost","log",102.9144971,16735761400,2.36101081382487
"25",2019,"gp","cost","constant",101.5320119,10540893671,2.36101081382487
"26",2019,"gp","cost","changing",99.00023723,10540893671,2.36101081382487
"27",2019,"gp","cost","log",100.5722197,10540893671,2.36101081382487
"28",2019,"op","cost","constant",101.6575203,14139756885,2.36101081382487
"29",2019,"op","cost","changing",105.2843166,14139756885,2.36101081382487
"30",2019,"op","cost","log",102.6145557,14139756885,2.36101081382487
"31",2020,"ae","cost","constant",101.520528,3511161918,5.44550974003141
"32",2020,"ae","cost","changing",110.7233628,3511161918,5.44550974003141
"33",2020,"ae","cost","log",104.8293359,3511161918,5.44550974003141
"34",2020,"elective","cost","constant",103.8478447,10363552520,5.44550974003141
"35",2020,"elective","cost","changing",104.408931,10363552520,5.44550974003141
"36",2020,"elective","cost","log",102.5165059,10363552520,5.44550974003141
"37",2020,"emergency","cost","constant",104.1099557,16735761400,5.44550974003141
"38",2020,"emergency","cost","changing",109.6750706,16735761400,5.44550974003141
"39",2020,"emergency","cost","log",105.5214205,16735761400,5.44550974003141
"40",2020,"gp","cost","constant",102.7048058,10540893671,5.44550974003141
"41",2020,"gp","cost","changing",97.65646248,10540893671,5.44550974003141
"42",2020,"gp","cost","log",100.8484015,10540893671,5.44550974003141
"43",2020,"op","cost","constant",103.3365667,14139756885,5.44550974003141
"44",2020,"op","cost","changing",110.6628648,14139756885,5.44550974003141
"45",2020,"op","cost","log",104.9795897,14139756885,5.44550974003141
"46",2021,"ae","cost","constant",102.5854564,3511161918,-0.819269506744494
"47",2021,"ae","cost","changing",116.8725324,3511161918,-0.819269506744494
"48",2021,"ae","cost","log",107.4246789,3511161918,-0.819269506744494
"49",2021,"elective","cost","constant",107.7948304,10363552520,-0.819269506744494
"50",2021,"elective","cost","changing",107.7010602,10363552520,-0.819269506744494
"51",2021,"elective","cost","log",104.7911027,10363552520,-0.819269506744494
"52",2021,"emergency","cost","constant",106.7326932,16735761400,-0.819269506744494
"53",2021,"emergency","cost","changing",115.4599625,16735761400,-0.819269506744494
"54",2021,"emergency","cost","log",108.7861632,16735761400,-0.819269506744494
"55",2021,"gp","cost","constant",104.4141575,10540893671,-0.819269506744494
"56",2021,"gp","cost","changing",96.80146019,10540893671,-0.819269506744494
"57",2021,"gp","cost","log",101.6734589,10540893671,-0.819269506744494
"58",2021,"op","cost","constant",106.1238894,14139756885,-0.819269506744494
"59",2021,"op","cost","changing",117.2446047,14139756885,-0.819269506744494
"60",2021,"op","cost","log",108.1373282,14139756885,-0.819269506744494
"61",2022,"ae","cost","constant",103.9608757,3511161918,6.73691378752737
"62",2022,"ae","cost","changing",123.6861578,3511161918,6.73691378752737
"63",2022,"ae","cost","log",110.2566011,3511161918,6.73691378752737
"64",2022,"elective","cost","constant",110.3555055,10363552520,6.73691378752737
"65",2022,"elective","cost","changing",110.3765376,10363552520,6.73691378752737
"66",2022,"elective","cost","log",106.4455415,10363552520,6.73691378752737
"67",2022,"emergency","cost","constant",109.2174093,16735761400,6.73691378752737
"68",2022,"emergency","cost","changing",121.2281833,16735761400,6.73691378752737
"69",2022,"emergency","cost","log",111.885041,16735761400,6.73691378752737
"70",2022,"gp","cost","constant",106.1183337,10540893671,6.73691378752737
"71",2022,"gp","cost","changing",95.95282469,10540893671,6.73691378752737
"72",2022,"gp","cost","log",102.5469717,10540893671,6.73691378752737
"73",2022,"op","cost","constant",108.2882831,14139756885,6.73691378752737
"74",2022,"op","cost","changing",123.7855669,14139756885,6.73691378752737
"75",2022,"op","cost","log",110.8964715,14139756885,6.73691378752737
"76",2023,"ae","cost","constant",103.2720083,3511161918,6.54439095141102
"77",2023,"ae","cost","changing",128.3549877,3511161918,6.54439095141102
"78",2023,"ae","cost","log",110.8023219,3511161918,6.54439095141102
"79",2023,"elective","cost","constant",111.9457519,10363552520,6.54439095141102
"80",2023,"elective","cost","changing",112.1914185,10363552520,6.54439095141102
"81",2023,"elective","cost","log",107.2657099,10363552520,6.54439095141102
"82",2023,"emergency","cost","constant",110.8857556,16735761400,6.54439095141102
"83",2023,"emergency","cost","changing",126.3526188,16735761400,6.54439095141102
"84",2023,"emergency","cost","log",114.1110577,16735761400,6.54439095141102
"85",2023,"gp","cost","constant",106.6597348,10540893671,6.54439095141102
"86",2023,"gp","cost","changing",93.96566615,10540893671,6.54439095141102
"87",2023,"gp","cost","log",102.2374643,10540893671,6.54439095141102
"88",2023,"op","cost","constant",109.3636125,14139756885,6.54439095141102
"89",2023,"op","cost","changing",129.223458,14139756885,6.54439095141102
"90",2023,"op","cost","log",112.3619537,14139756885,6.54439095141102
"91",2024,"ae","cost","constant",104.5252876,3511161918,0.803844991272706
"92",2024,"ae","cost","changing",135.667188,3511161918,0.803844991272706
"93",2024,"ae","cost","log",113.3636116,3511161918,0.803844991272706
"94",2024,"elective","cost","constant",114.3868582,10363552520,0.803844991272706
"95",2024,"elective","cost","changing",114.7298074,10363552520,0.803844991272706
"96",2024,"elective","cost","log",108.7156309,10363552520,0.803844991272706
"97",2024,"emergency","cost","constant",112.9940017,16735761400,0.803844991272706
"98",2024,"emergency","cost","changing",132.1523902,16735761400,0.803844991272706
"99",2024,"emergency","cost","log",117.0939022,16735761400,0.803844991272706
"100",2024,"gp","cost","constant",108.2708158,10540893671,0.803844991272706
"101",2024,"gp","cost","changing",93.05046068,10540893671,0.803844991272706
"102",2024,"gp","cost","log",103.0899115,10540893671,0.803844991272706
"103",2024,"op","cost","constant",111.3956151,14139756885,0.803844991272706
"104",2024,"op","cost","changing",136.2409332,14139756885,0.803844991272706
"105",2024,"op","cost","log",114.8969493,14139756885,0.803844991272706
"106",2025,"ae","cost","constant",105.7621858,3511161918,1.34817091043564
"107",2025,"ae","cost","changing",143.3532993,3511161918,1.34817091043564
"108",2025,"ae","cost","log",115.862051,3511161918,1.34817091043564
"109",2025,"elective","cost","constant",116.7425007,10363552520,1.34817091043564
"110",2025,"elective","cost","changing",117.2831267,10363552520,1.34817091043564
"111",2025,"elective","cost","log",110.0617316,10363552520,1.34817091043564
"112",2025,"emergency","cost","constant",115.4358228,16735761400,1.34817091043564
"113",2025,"emergency","cost","changing",138.5491158,16735761400,1.34817091043564
"114",2025,"emergency","cost","log",119.9767408,16735761400,1.34817091043564
"115",2025,"gp","cost","constant",109.8384747,10540893671,1.34817091043564
"116",2025,"gp","cost","changing",92.075711,10540893671,1.34817091043564
"117",2025,"gp","cost","log",103.9019079,10540893671,1.34817091043564
"118",2025,"op","cost","constant",113.4203054,14139756885,1.34817091043564
"119",2025,"op","cost","changing",143.5528022,14139756885,1.34817091043564
"120",2025,"op","cost","log",117.3471061,14139756885,1.34817091043564
"121",2026,"ae","cost","constant",106.9359214,3511161918,1.74352257398045
"122",2026,"ae","cost","changing",151.3656382,3511161918,1.74352257398045
"123",2026,"ae","cost","log",118.2517246,3511161918,1.74352257398045
"124",2026,"elective","cost","constant",118.793551,10363552520,1.74352257398045
"125",2026,"elective","cost","changing",119.7270502,10363552520,1.74352257398045
"126",2026,"elective","cost","log",111.3560373,10363552520,1.74352257398045
"127",2026,"emergency","cost","constant",117.6962095,16735761400,1.74352257398045
"128",2026,"emergency","cost","changing",144.9673195,16735761400,1.74352257398045
"129",2026,"emergency","cost","log",122.7359734,16735761400,1.74352257398045
"130",2026,"gp","cost","constant",111.3446813,10540893671,1.74352257398045
"131",2026,"gp","cost","changing",91.05348246,10540893671,1.74352257398045
"132",2026,"gp","cost","log",104.6800097,10540893671,1.74352257398045
"133",2026,"op","cost","constant",115.342877,14139756885,1.74352257398045
"134",2026,"op","cost","changing",151.1296871,14139756885,1.74352257398045
"135",2026,"op","cost","log",119.6857225,14139756885,1.74352257398045
"136",2027,"ae","cost","constant",108.125291,3511161918,1.87290800966897
"137",2027,"ae","cost","changing",159.8325289,3511161918,1.87290800966897
"138",2027,"ae","cost","log",120.6168166,3511161918,1.87290800966897
"139",2027,"elective","cost","constant",120.5366448,10363552520,1.87290800966897
"140",2027,"elective","cost","changing",121.934916,10363552520,1.87290800966897
"141",2027,"elective","cost","log",112.3986795,10363552520,1.87290800966897
"142",2027,"emergency","cost","constant",120.4321826,16735761400,1.87290800966897
"143",2027,"emergency","cost","changing",152.1579111,16735761400,1.87290800966897
"144",2027,"emergency","cost","log",125.844645,16735761400,1.87290800966897
"145",2027,"gp","cost","constant",112.8808173,10540893671,1.87290800966897
"146",2027,"gp","cost","changing",90.02786771,10540893671,1.87290800966897
"147",2027,"gp","cost","log",105.4711827,10540893671,1.87290800966897
"148",2027,"op","cost","constant",117.15676,14139756885,1.87290800966897
"149",2027,"op","cost","changing",158.886877,14139756885,1.87290800966897
"150",2027,"op","cost","log",121.8467194,14139756885,1.87290800966897
"151",2028,"ae","cost","constant",109.2103547,3511161918,1.9327437807694
"152",2028,"ae","cost","changing",168.6150602,3511161918,1.9327437807694
"153",2028,"ae","cost","log",122.8473014,3511161918,1.9327437807694
"154",2028,"elective","cost","constant",122.4802983,10363552520,1.9327437807694
"155",2028,"elective","cost","changing",124.1846605,10363552520,1.9327437807694
"156",2028,"elective","cost","log",113.437826,10363552520,1.9327437807694
"157",2028,"emergency","cost","constant",122.9691779,16735761400,1.9327437807694
"158",2028,"emergency","cost","changing",159.4297119,16735761400,1.9327437807694
"159",2028,"emergency","cost","log",128.9613867,16735761400,1.9327437807694
"160",2028,"gp","cost","constant",114.3222954,10540893671,1.9327437807694
"161",2028,"gp","cost","changing",88.93679696,10540893671,1.9327437807694
"162",2028,"gp","cost","log",106.1977857,10540893671,1.9327437807694
"163",2028,"op","cost","constant",118.9838871,14139756885,1.9327437807694
"164",2028,"op","cost","changing",166.9618853,14139756885,1.9327437807694
"165",2028,"op","cost","log",123.9358565,14139756885,1.9327437807694
"166",2029,"ae","cost","constant",110.1752519,3511161918,2.3
"167",2029,"ae","cost","changing",177.7118052,3511161918,2.3
"168",2029,"ae","cost","log",124.9371756,3511161918,2.3
"169",2029,"elective","cost","constant",124.4638283,10363552520,2.3
"170",2029,"elective","cost","changing",126.4882156,10363552520,2.3
"171",2029,"elective","cost","log",114.5201539,10363552520,2.3
"172",2029,"emergency","cost","constant",125.2761508,16735761400,2.3
"173",2029,"emergency","cost","changing",166.6841581,16735761400,2.3
"174",2029,"emergency","cost","log",131.8408464,16735761400,2.3
"175",2029,"gp","cost","constant",115.7271113,10540893671,2.3
"176",2029,"gp","cost","changing",87.81353205,10540893671,2.3
"177",2029,"gp","cost","log",106.8949934,10540893671,2.3
"178",2029,"op","cost","constant",120.7581395,14139756885,2.3
"179",2029,"op","cost","changing",175.416021,14139756885,2.3
"180",2029,"op","cost","log",125.9910304,14139756885,2.3
"181",2030,"ae","cost","constant",111.1580177,3511161918,2.3
"182",2030,"ae","cost","changing",187.3341642,3511161918,2.3
"183",2030,"ae","cost","log",127.0295298,3511161918,2.3
"184",2030,"elective","cost","constant",126.5693733,10363552520,2.3
"185",2030,"elective","cost","changing",128.9577099,10363552520,2.3
"186",2030,"elective","cost","log",115.6724518,10363552520,2.3
"187",2030,"emergency","cost","constant",127.7895047,16735761400,2.3
"188",2030,"emergency","cost","changing",174.5159644,16735761400,2.3
"189",2030,"emergency","cost","log",134.8132712,16735761400,2.3
"190",2030,"gp","cost","constant",117.1774011,10540893671,2.3
"191",2030,"gp","cost","changing",86.71476462,10540893671,2.3
"192",2030,"gp","cost","log",107.6265175,10540893671,2.3
"193",2030,"op","cost","constant",122.6995824,14139756885,2.3
"194",2030,"op","cost","changing",184.3789512,14139756885,2.3
"195",2030,"op","cost","log",128.0940666,14139756885,2.3
"196",2031,"ae","cost","constant",112.2171571,3511161918,2.3
"197",2031,"ae","cost","changing",197.5992091,3511161918,2.3
"198",2031,"ae","cost","log",129.1807286,3511161918,2.3
"199",2031,"elective","cost","constant",129.1483378,10363552520,2.3
"200",2031,"elective","cost","changing",131.4979608,10363552520,2.3
"201",2031,"elective","cost","log",116.8638061,10363552520,2.3
"202",2031,"emergency","cost","constant",130.8723557,16735761400,2.3
"203",2031,"emergency","cost","changing",183.3911405,16735761400,2.3
"204",2031,"emergency","cost","log",138.1709081,16735761400,2.3
"205",2031,"gp","cost","constant",118.7381719,10540893671,2.3
"206",2031,"gp","cost","changing",85.65416361,10540893671,2.3
"207",2031,"gp","cost","log",108.4095257,10540893671,2.3
"208",2031,"op","cost","constant",124.784366,14139756885,2.3
"209",2031,"op","cost","changing",193.8100385,14139756885,2.3
"210",2031,"op","cost","log",130.200615,14139756885,2.3
"211",2032,"ae","cost","constant",113.1033118,3511161918,2.3
"212",2032,"ae","cost","changing",208.1141979,3511161918,2.3
"213",2032,"ae","cost","log",131.1262414,3511161918,2.3
"214",2032,"elective","cost","constant",131.2442767,10363552520,2.3
"215",2032,"elective","cost","changing",133.9624076,10363552520,2.3
"216",2032,"elective","cost","log",117.9634841,10363552520,2.3
"217",2032,"emergency","cost","constant",133.3275705,16735761400,2.3
"218",2032,"emergency","cost","changing",191.7414934,16735761400,2.3
"219",2032,"emergency","cost","log",141.211096,16735761400,2.3
"220",2032,"gp","cost","constant",120.1370933,10540893671,2.3
"221",2032,"gp","cost","changing",84.50655932,10540893671,2.3
"222",2032,"gp","cost","log",109.0837787,10540893671,2.3
"223",2032,"op","cost","constant",126.6150314,14139756885,2.3
"224",2032,"op","cost","changing",203.5123714,14139756885,2.3
"225",2032,"op","cost","log",132.167719,14139756885,2.3
"226",2033,"ae","cost","constant",113.9131654,3511161918,2.3
"227",2033,"ae","cost","changing",219.043604,3511161918,2.3
"228",2033,"ae","cost","log",132.9665363,3511161918,2.3
"229",2033,"elective","cost","constant",132.9076627,10363552520,2.3
"230",2033,"elective","cost","changing",136.302116,10363552520,2.3
"231",2033,"elective","cost","log",118.9604642,10363552520,2.3
"232",2033,"emergency","cost","constant",135.6176047,16735761400,2.3
"233",2033,"emergency","cost","changing",200.1528296,16735761400,2.3
"234",2033,"emergency","cost","log",143.9897738,16735761400,2.3
"235",2033,"gp","cost","constant",121.423724,10540893671,2.3
"236",2033,"gp","cost","changing",83.30767618,10540893671,2.3
"237",2033,"gp","cost","log",109.6882035,10540893671,2.3
"238",2033,"op","cost","constant",128.1972743,14139756885,2.3
"239",2033,"op","cost","changing",213.4916003,14139756885,2.3
"240",2033,"op","cost","log",133.998715,14139756885,2.3
"241",2034,"ae","cost","constant",114.7234811,3511161918,2.3
"242",2034,"ae","cost","changing",230.5580268,3511161918,2.3
"243",2034,"ae","cost","log",134.7946701,3511161918,2.3
"244",2034,"elective","cost","constant",134.767368,10363552520,2.3
"245",2034,"elective","cost","changing",138.7137123,10363552520,2.3
"246",2034,"elective","cost","log",119.9301454,10363552520,2.3
"247",2034,"emergency","cost","constant",137.9169419,16735761400,2.3
"248",2034,"emergency","cost","changing",208.8959157,16735761400,2.3
"249",2034,"emergency","cost","log",146.5928124,16735761400,2.3
"250",2034,"gp","cost","constant",122.6681783,10540893671,2.3
"251",2034,"gp","cost","changing",82.09645245,10540893671,2.3
"252",2034,"gp","cost","log",110.2707076,10540893671,2.3
"253",2034,"op","cost","constant",129.8541446,14139756885,2.3
"254",2034,"op","cost","changing",223.988484,14139756885,2.3
"255",2034,"op","cost","log",135.8412698,14139756885,2.3
"256",2035,"ae","cost","constant",115.5000328,3511161918,2.3
"257",2035,"ae","cost","changing",242.6256841,3511161918,2.3
"258",2035,"ae","cost","log",136.5789979,3511161918,2.3
"259",2035,"elective","cost","constant",136.7416708,10363552520,2.3
"260",2035,"elective","cost","changing",141.139468,10363552520,2.3
"261",2035,"elective","cost","log",120.9131141,10363552520,2.3
"262",2035,"emergency","cost","constant",139.9226297,16735761400,2.3
"263",2035,"emergency","cost","changing",217.5833129,16735761400,2.3
"264",2035,"emergency","cost","log",149.330678,16735761400,2.3
"265",2035,"gp","cost","constant",123.9403339,10540893671,2.3
"266",2035,"gp","cost","changing",80.91342268,10540893671,2.3
"267",2035,"gp","cost","log",110.8832827,10540893671,2.3
"268",2035,"op","cost","constant",131.5274252,14139756885,2.3
"269",2035,"op","cost","changing",234.9867784,14139756885,2.3
"270",2035,"op","cost","log",137.6709724,14139756885,2.3
"271",2018,"ae","activity","constant",100,24826982,2.10944864985953
"272",2018,"ae","activity","changing",100,24826982,2.10944864985953
"273",2018,"ae","activity","log",100,24826982,2.10944864985953
"274",2018,"elective","activity","constant",100,20760699,2.10944864985953
"275",2018,"elective","activity","changing",100,20760699,2.10944864985953
"276",2018,"elective","activity","log",100,20760699,2.10944864985953
"277",2018,"emergency","activity","constant",100,6437959,2.10944864985953
"278",2018,"emergency","activity","changing",100,6437959,2.10944864985953
"279",2018,"emergency","activity","log",100,6437959,2.10944864985953
"280",2018,"gp","activity","constant",100,275710483,2.10944864985953
"281",2018,"gp","activity","changing",100,275710483,2.10944864985953
"282",2018,"gp","activity","log",100,275710483,2.10944864985953
"283",2018,"op","activity","constant",100,96420114,2.10944864985953
"284",2018,"op","activity","changing",100,96420114,2.10944864985953
"285",2018,"op","activity","log",100,96420114,2.10944864985953
"286",2019,"ae","activity","constant",100.8,24826982,2.36101081382487
"287",2019,"ae","activity","changing",104.3634906,24826982,2.36101081382487
"288",2019,"ae","activity","log",102.0651337,24826982,2.36101081382487
"289",2019,"elective","activity","constant",101.58,20760699,2.36101081382487
"290",2019,"elective","activity","changing",101.9288933,20760699,2.36101081382487
"291",2019,"elective","activity","log",101.5132189,20760699,2.36101081382487
"292",2019,"emergency","activity","constant",101.6,6437959,2.36101081382487
"293",2019,"emergency","activity","changing",101.5891815,6437959,2.36101081382487
"294",2019,"emergency","activity","log",101.3994361,6437959,2.36101081382487
"295",2019,"gp","activity","constant",101.43,275710483,2.36101081382487
"296",2019,"gp","activity","changing",108.094181,275710483,2.36101081382487
"297",2019,"gp","activity","log",100.6383269,275710483,2.36101081382487
"298",2019,"op","activity","constant",101.65,96420114,2.36101081382487
"299",2019,"op","activity","changing",105.3940266,96420114,2.36101081382487
"300",2019,"op","activity","log",102.7395599,96420114,2.36101081382487
"301",2020,"ae","activity","constant",101.38,24826982,5.44550974003141
"302",2020,"ae","activity","changing",108.6089974,24826982,5.44550974003141
"303",2020,"ae","activity","log",103.7485746,24826982,5.44550974003141
"304",2020,"elective","activity","constant",103.09,20760699,5.44550974003141
"305",2020,"elective","activity","changing",103.7926339,20760699,5.44550974003141
"306",2020,"elective","activity","log",102.9215983,20760699,5.44550974003141
"307",2020,"emergency","activity","constant",103.62,6437959,5.44550974003141
"308",2020,"emergency","activity","changing",103.0158917,6437959,5.44550974003141
"309",2020,"emergency","activity","log",102.641058,6437959,5.44550974003141
"310",2020,"gp","activity","constant",102.52,275710483,5.44550974003141
"311",2020,"gp","activity","changing",116.4647038,275710483,5.44550974003141
"312",2020,"gp","activity","log",100.9854057,275710483,5.44550974003141
"313",2020,"op","activity","constant",103.13,96420114,5.44550974003141
"314",2020,"op","activity","changing",110.8238989,96420114,5.44550974003141
"315",2020,"op","activity","log",105.1639411,96420114,5.44550974003141
"316",2021,"ae","activity","constant",102.36,24826982,-0.819269506744494
"317",2021,"ae","activity","changing",113.4965241,24826982,-0.819269506744494
"318",2021,"ae","activity","log",105.7882468,24826982,-0.819269506744494
"319",2021,"elective","activity","constant",105.86,20760699,-0.819269506744494
"320",2021,"elective","activity","changing",106.7682021,20760699,-0.819269506744494
"321",2021,"elective","activity","log",105.3924837,20760699,-0.819269506744494
"322",2021,"emergency","activity","constant",105.97,6437959,-0.819269506744494
"323",2021,"emergency","activity","changing",104.9812131,6437959,-0.819269506744494
"324",2021,"emergency","activity","log",104.4236854,6437959,-0.819269506744494
"325",2021,"gp","activity","constant",104.18,275710483,-0.819269506744494
"326",2021,"gp","activity","changing",126.1201438,275710483,-0.819269506744494
"327",2021,"gp","activity","log",101.8793348,275710483,-0.819269506744494
"328",2021,"op","activity","constant",105.55,96420114,-0.819269506744494
"329",2021,"op","activity","changing",117.3719916,96420114,-0.819269506744494
"330",2021,"op","activity","log",108.2956071,96420114,-0.819269506744494
"331",2022,"ae","activity","constant",103.71,24826982,6.73691378752737
"332",2022,"ae","activity","changing",119.0076414,24826982,6.73691378752737
"333",2022,"ae","activity","log",108.1469173,24826982,6.73691378752737
"334",2022,"elective","activity","constant",107.79,20760699,6.73691378752737
"335",2022,"elective","activity","changing",109.094474,20760699,6.73691378752737
"336",2022,"elective","activity","log",107.1793677,20760699,6.73691378752737
"337",2022,"emergency","activity","constant",108.45,6437959,6.73691378752737
"338",2022,"emergency","activity","changing",106.9870297,6437959,6.73691378752737
"339",2022,"emergency","activity","log",106.2393577,6437959,6.73691378752737
"340",2022,"gp","activity","constant",105.69,275710483,6.73691378752737
"341",2022,"gp","activity","changing",136.4006962,275710483,6.73691378752737
"342",2022,"gp","activity","log",102.8117105,275710483,6.73691378752737
"343",2022,"op","activity","constant",107.51,96420114,6.73691378752737
"344",2022,"op","activity","changing",123.9474161,96420114,6.73691378752737
"345",2022,"op","activity","log",111.0901518,96420114,6.73691378752737
"346",2023,"ae","activity","constant",102.86,24826982,6.54439095141102
"347",2023,"ae","activity","changing",122.0354768,24826982,6.54439095141102
"348",2023,"ae","activity","log",108.0216762,24826982,6.54439095141102
"349",2023,"elective","activity","constant",108.98,20760699,6.54439095141102
"350",2023,"elective","activity","changing",110.6747086,20760699,6.54439095141102
"351",2023,"elective","activity","log",108.2089738,20760699,6.54439095141102
"352",2023,"emergency","activity","constant",109.56,6437959,6.54439095141102
"353",2023,"emergency","activity","changing",107.5238963,6437959,6.54439095141102
"354",2023,"emergency","activity","log",106.6258796,6437959,6.54439095141102
"355",2023,"gp","activity","constant",106.22,275710483,6.54439095141102
"356",2023,"gp","activity","changing",146.0927651,275710483,6.54439095141102
"357",2023,"gp","activity","log",102.5542397,275710483,6.54439095141102
"358",2023,"op","activity","constant",108.46,96420114,6.54439095141102
"359",2023,"op","activity","changing",129.5437078,96420114,6.54439095141102
"360",2023,"op","activity","log",112.685918,96420114,6.54439095141102
"361",2024,"ae","activity","constant",104.05,24826982,0.803844991272706
"362",2024,"ae","activity","changing",127.7910652,24826982,0.803844991272706
"363",2024,"ae","activity","log",110.1307793,24826982,0.803844991272706
"364",2024,"elective","activity","constant",110.76,20760699,0.803844991272706
"365",2024,"elective","activity","changing",112.8962537,20760699,0.803844991272706
"366",2024,"elective","activity","log",109.8287792,20760699,0.803844991272706
"367",2024,"emergency","activity","constant",111.36,6437959,0.803844991272706
"368",2024,"emergency","activity","changing",109.321767,6437959,0.803844991272706
"369",2024,"emergency","activity","log",108.2380214,6437959,0.803844991272706
"370",2024,"gp","activity","constant",107.63,275710483,0.803844991272706
"371",2024,"gp","activity","changing",157.8147036,275710483,0.803844991272706
"372",2024,"gp","activity","log",103.4506504,275710483,0.803844991272706
"373",2024,"op","activity","constant",110.33,96420114,0.803844991272706
"374",2024,"op","activity","changing",136.6297192,96420114,0.803844991272706
"375",2024,"op","activity","log",115.2714808,96420114,0.803844991272706
"376",2025,"ae","activity","constant",105.25,24826982,1.34817091043564
"377",2025,"ae","activity","changing",133.7461402,24826982,1.34817091043564
"378",2025,"ae","activity","log",112.1587299,24826982,1.34817091043564
"379",2025,"elective","activity","constant",112.5,20760699,1.34817091043564
"380",2025,"elective","activity","changing",115.0994658,20760699,1.34817091043564
"381",2025,"elective","activity","log",111.3992007,20760699,1.34817091043564
"382",2025,"emergency","activity","constant",113.72,6437959,1.34817091043564
"383",2025,"emergency","activity","changing",111.2546148,6437959,1.34817091043564
"384",2025,"emergency","activity","log",109.9833705,6437959,1.34817091043564
"385",2025,"gp","activity","constant",108.93,275710483,1.34817091043564
"386",2025,"gp","activity","changing",170.2752693,275710483,1.34817091043564
"387",2025,"gp","activity","log",104.296464,275710483,1.34817091043564
"388",2025,"op","activity","constant",112.17,96420114,1.34817091043564
"389",2025,"op","activity","changing",143.9963558,96420114,1.34817091043564
"390",2025,"op","activity","log",117.7548587,96420114,1.34817091043564
"391",2026,"ae","activity","constant",106.37,24826982,1.74352257398045
"392",2026,"ae","activity","changing",139.8845484,24826982,1.74352257398045
"393",2026,"ae","activity","log",114.091884,24826982,1.74352257398045
"394",2026,"elective","activity","constant",114.1,20760699,1.74352257398045
"395",2026,"elective","activity","changing",117.2118654,20760699,1.74352257398045
"396",2026,"elective","activity","log",112.8520407,20760699,1.74352257398045
"397",2026,"emergency","activity","constant",115.87,6437959,1.74352257398045
"398",2026,"emergency","activity","changing",113.0850773,6437959,1.74352257398045
"399",2026,"emergency","activity","log",111.6245482,6437959,1.74352257398045
"400",2026,"gp","activity","constant",110.22,275710483,1.74352257398045
"401",2026,"gp","activity","changing",183.6605873,275710483,1.74352257398045
"402",2026,"gp","activity","log",105.1098237,275710483,1.74352257398045
"403",2026,"op","activity","constant",113.92,96420114,1.74352257398045
"404",2026,"op","activity","changing",151.6389778,96420114,1.74352257398045
"405",2026,"op","activity","log",120.1302888,96420114,1.74352257398045
"406",2027,"ae","activity","constant",107.49,24826982,1.87290800966897
"407",2027,"ae","activity","changing",146.2393648,24826982,1.87290800966897
"408",2027,"ae","activity","log",115.9546344,24826982,1.87290800966897
"409",2027,"elective","activity","constant",115.56,20760699,1.87290800966897
"410",2027,"elective","activity","changing",119.1656016,20760699,1.87290800966897
"411",2027,"elective","activity","log",114.1250041,20760699,1.87290800966897
"412",2027,"emergency","activity","constant",118.45,6437959,1.87290800966897
"413",2027,"emergency","activity","changing",115.0932438,6437959,1.87290800966897
"414",2027,"emergency","activity","log",113.4440964,6437959,1.87290800966897
"415",2027,"gp","activity","constant",111.44,275710483,1.87290800966897
"416",2027,"gp","activity","changing",197.946253,275710483,1.87290800966897
"417",2027,"gp","activity","log",105.8855699,275710483,1.87290800966897
"418",2027,"op","activity","constant",115.59,96420114,1.87290800966897
"419",2027,"op","activity","changing",159.4975627,96420114,1.87290800966897
"420",2027,"op","activity","log",122.3493684,96420114,1.87290800966897
"421",2028,"ae","activity","constant",108.51,24826982,1.9327437807694
"422",2028,"ae","activity","changing",152.741432,24826982,1.9327437807694
"423",2028,"ae","activity","log",117.6933363,24826982,1.9327437807694
"424",2028,"elective","activity","constant",117.02,20760699,1.9327437807694
"425",2028,"elective","activity","changing",121.1117668,20760699,1.9327437807694
"426",2028,"elective","activity","log",115.3654274,20760699,1.9327437807694
"427",2028,"emergency","activity","constant",120.89,6437959,1.9327437807694
"428",2028,"emergency","activity","changing",117.0092085,6437959,1.9327437807694
"429",2028,"emergency","activity","log",115.1702093,6437959,1.9327437807694
"430",2028,"gp","activity","constant",112.53,275710483,1.9327437807694
"431",2028,"gp","activity","changing",213.1061188,275710483,1.9327437807694
"432",2028,"gp","activity","log",106.6098841,275710483,1.9327437807694
"433",2028,"op","activity","constant",117.22,96420114,1.9327437807694
"434",2028,"op","activity","changing",167.6691096,96420114,1.9327437807694
"435",2028,"op","activity","log",124.4855123,96420114,1.9327437807694
"436",2029,"ae","activity","constant",109.42,24826982,2.3
"437",2029,"ae","activity","changing",159.3836825,24826982,2.3
"438",2029,"ae","activity","log",119.3048155,24826982,2.3
"439",2029,"elective","activity","constant",118.44,20760699,2.3
"440",2029,"elective","activity","changing",123.0756024,20760699,2.3
"441",2029,"elective","activity","log",116.5979999,20760699,2.3
"442",2029,"emergency","activity","constant",123.01,6437959,2.3
"443",2029,"emergency","activity","changing",118.7392681,6437959,2.3
"444",2029,"emergency","activity","log",116.714434,6437959,2.3
"445",2029,"gp","activity","constant",113.65,275710483,2.3
"446",2029,"gp","activity","changing",229.4456157,275710483,2.3
"447",2029,"gp","activity","log",107.3041278,275710483,2.3
"448",2029,"op","activity","constant",118.82,96420114,2.3
"449",2029,"op","activity","changing",176.2377718,96420114,2.3
"450",2029,"op","activity","log",126.593674,96420114,2.3
"451",2030,"ae","activity","constant",110.35,24826982,2.3
"452",2030,"ae","activity","changing",166.3209383,24826982,2.3
"453",2030,"ae","activity","log",120.9054269,24826982,2.3
"454",2030,"elective","activity","constant",120.04,20760699,2.3
"455",2030,"elective","activity","changing",125.1897436,20760699,2.3
"456",2030,"elective","activity","log",117.9481818,20760699,2.3
"457",2030,"emergency","activity","constant",125.39,6437959,2.3
"458",2030,"emergency","activity","changing",120.5867244,6437959,2.3
"459",2030,"emergency","activity","log",118.3746061,6437959,2.3
"460",2030,"gp","activity","constant",114.8,275710483,2.3
"461",2030,"gp","activity","changing",247.0518606,275710483,2.3
"462",2030,"gp","activity","log",108.0266054,275710483,2.3
"463",2030,"op","activity","constant",120.55,96420114,2.3
"464",2030,"op","activity","changing",185.3181369,96420114,2.3
"465",2030,"op","activity","log",128.744434,96420114,2.3
"466",2031,"ae","activity","constant",111.37,24826982,2.3
"467",2031,"ae","activity","changing",173.6001847,24826982,2.3
"468",2031,"ae","activity","log",122.5207958,24826982,2.3
"469",2031,"elective","activity","constant",121.73,20760699,2.3
"470",2031,"elective","activity","changing",127.3437408,20760699,2.3
"471",2031,"elective","activity","log",119.3106168,20760699,2.3
"472",2031,"emergency","activity","constant",128.5,6437959,2.3
"473",2031,"emergency","activity","changing",122.6944813,6437959,2.3
"474",2031,"emergency","activity","log",120.2933213,6437959,2.3
"475",2031,"gp","activity","constant",115.96,275710483,2.3
"476",2031,"gp","activity","changing",266.0277861,275710483,2.3
"477",2031,"gp","activity","log",108.7781644,275710483,2.3
"478",2031,"op","activity","constant",122.32,96420114,2.3
"479",2031,"op","activity","changing",194.8521517,96420114,2.3
"480",2031,"op","activity","log",130.881399,96420114,2.3
"481",2032,"ae","activity","constant",112.21,24826982,2.3
"482",2032,"ae","activity","changing",180.9834535,24826982,2.3
"483",2032,"ae","activity","log",123.9796229,24826982,2.3
"484",2032,"elective","activity","constant",123.26,20760699,2.3
"485",2032,"elective","activity","changing",129.4157706,20760699,2.3
"486",2032,"elective","activity","log",120.5716207,20760699,2.3
"487",2032,"emergency","activity","constant",130.71,6437959,2.3
"488",2032,"emergency","activity","changing",124.4526082,6437959,2.3
"489",2032,"emergency","activity","log",121.8639578,6437959,2.3
"490",2032,"gp","activity","constant",117.05,275710483,2.3
"491",2032,"gp","activity","changing",286.2342861,275710483,2.3
"492",2032,"gp","activity","log",109.4358464,275710483,2.3
"493",2032,"op","activity","constant",123.93,96420114,2.3
"494",2032,"op","activity","changing",204.6824492,96420114,2.3
"495",2032,"op","activity","log",132.88931,96420114,2.3
"496",2033,"ae","activity","constant",112.98,24826982,2.3
"497",2033,"ae","activity","changing",188.5684392,24826982,2.3
"498",2033,"ae","activity","log",125.3511958,24826982,2.3
"499",2033,"elective","activity","constant",124.6,20760699,2.3
"500",2033,"elective","activity","changing",131.3612268,20760699,2.3
"501",2033,"elective","activity","log",121.6912752,20760699,2.3
"502",2033,"emergency","activity","constant",132.94,6437959,2.3
"503",2033,"emergency","activity","changing",126.0725886,6437959,2.3
"504",2033,"emergency","activity","log",123.297326,6437959,2.3
"505",2033,"gp","activity","constant",118.03,275710483,2.3
"506",2033,"gp","activity","changing",307.7067717,275710483,2.3
"507",2033,"gp","activity","log",110.0244406,275710483,2.3
"508",2033,"op","activity","constant",125.38,96420114,2.3
"509",2033,"op","activity","changing",214.8144652,96420114,2.3
"510",2033,"op","activity","log",134.770102,96420114,2.3
"511",2034,"ae","activity","constant",113.75,24826982,2.3
"512",2034,"ae","activity","changing",196.4767283,24826982,2.3
"513",2034,"ae","activity","log",126.7133374,24826982,2.3
"514",2034,"elective","activity","constant",125.99,20760699,2.3
"515",2034,"elective","activity","changing",133.3435294,20760699,2.3
"516",2034,"elective","activity","log",122.8236793,20760699,2.3
"517",2034,"emergency","activity","constant",135.1,6437959,2.3
"518",2034,"emergency","activity","changing",127.6952122,6437959,2.3
"519",2034,"emergency","activity","log",124.7339529,6437959,2.3
"520",2034,"gp","activity","constant",119,275710483,2.3
"521",2034,"gp","activity","changing",330.7212535,275710483,2.3
"522",2034,"gp","activity","log",110.5939596,275710483,2.3
"523",2034,"op","activity","constant",126.84,96420114,2.3
"524",2034,"op","activity","changing",225.4370011,96420114,2.3
"525",2034,"op","activity","log",136.6375124,96420114,2.3
"526",2035,"ae","activity","constant",114.48,24826982,2.3
"527",2035,"ae","activity","changing",204.6996971,24826982,2.3
"528",2035,"ae","activity","log",128.0539355,24826982,2.3
"529",2035,"elective","activity","constant",127.42,20760699,2.3
"530",2035,"elective","activity","changing",135.3451342,20760699,2.3
"531",2035,"elective","activity","log",123.9520693,20760699,2.3
"532",2035,"emergency","activity","constant",136.92,6437959,2.3
"533",2035,"emergency","activity","changing",129.1958397,6437959,2.3
"534",2035,"emergency","activity","log",126.0489216,6437959,2.3
"535",2035,"gp","activity","constant",119.98,275710483,2.3
"536",2035,"gp","activity","changing",355.4963325,275710483,2.3
"537",2035,"gp","activity","log",111.1901154,275710483,2.3
"538",2035,"op","activity","constant",128.32,96420114,2.3
"539",2035,"op","activity","changing",236.5905896,96420114,2.3
"540",2035,"op","activity","log",138.5029874,96420114,2.3
